SamplingPlot	locatedIn@SampledField
AF001-PA	AF001
AF001-PB	AF001
AF001-PC	AF001
AF001-PD	AF001
AF001-P1	AF001
AF001-P2	AF001
AF001-P3	AF001
AF001-P4	AF001
AF002-PA	AF002
AF002-PB	AF002
AF002-PC	AF002
AF002-PD	AF002
AF002-P1	AF002
AF002-P2	AF002
AF002-P3	AF002
AF002-P4	AF002
AF003-PA	AF003
AF003-PB	AF003
AF003-PC	AF003
AF003-PD	AF003
AF003-P1	AF003
AF003-P2	AF003
AF003-P3	AF003
AF003-P4	AF003
AF004-PA	AF004
AF004-PB	AF004
AF004-PC	AF004
AF004-PD	AF004
AF004-P1	AF004
AF004-P2	AF004
AF004-P3	AF004
AF004-P4	AF004
AF005-PA	AF005
AF005-PB	AF005
AF005-PC	AF005
AF005-PD	AF005
AF005-P1	AF005
AF005-P2	AF005
AF005-P3	AF005
AF005-P4	AF005
AF006-PA	AF006
AF006-PB	AF006
AF006-PC	AF006
AF006-PD	AF006
AF006-P1	AF006
AF006-P2	AF006
AF006-P3	AF006
AF006-P4	AF006
AF007-PA	AF007
AF007-PB	AF007
AF007-PC	AF007
AF007-PD	AF007
AF007-P1	AF007
AF007-P2	AF007
AF007-P3	AF007
AF007-P4	AF007
AF008-PA	AF008
AF008-PB	AF008
AF008-PC	AF008
AF008-PD	AF008
AF008-P1	AF008
AF008-P2	AF008
AF008-P3	AF008
AF008-P4	AF008
AF009-PA	AF009
AF009-PB	AF009
AF009-PC	AF009
AF009-PD	AF009
AF009-P1	AF009
AF009-P2	AF009
AF009-P3	AF009
AF009-P4	AF009
AF010-PA	AF010
AF010-PB	AF010
AF010-PC	AF010
AF010-PD	AF010
AF010-P1	AF010
AF010-P2	AF010
AF010-P3	AF010
AF010-P4	AF010
AF011-PA	AF011
AF011-PB	AF011
AF011-PC	AF011
AF011-PD	AF011
AF011-P1	AF011
AF011-P2	AF011
AF011-P3	AF011
AF011-P4	AF011
AF012-PA	AF012
AF012-PB	AF012
AF012-PC	AF012
AF012-PD	AF012
AF012-P1	AF012
AF012-P2	AF012
AF012-P3	AF012
AF012-P4	AF012
AF013-PA	AF013
AF013-PB	AF013
AF013-PC	AF013
AF013-PD	AF013
AF013-P1	AF013
AF013-P2	AF013
AF013-P3	AF013
AF013-P4	AF013
AF014-PA	AF014
AF014-PB	AF014
AF014-PC	AF014
AF014-PD	AF014
AF014-P1	AF014
AF014-P2	AF014
AF014-P3	AF014
AF014-P4	AF014
AF015-PA	AF015
AF015-PB	AF015
AF015-PC	AF015
AF015-PD	AF015
AF015-P1	AF015
AF015-P2	AF015
AF015-P3	AF015
AF015-P4	AF015
AF016-PA	AF016
AF016-PB	AF016
AF016-PC	AF016
AF016-PD	AF016
AF016-P1	AF016
AF016-P2	AF016
AF016-P3	AF016
AF016-P4	AF016
AF017-PA	AF017
AF017-PB	AF017
AF017-PC	AF017
AF017-PD	AF017
AF017-P1	AF017
AF017-P2	AF017
AF017-P3	AF017
AF017-P4	AF017
AF018-PA	AF018
AF018-PB	AF018
AF018-PC	AF018
AF018-PD	AF018
AF018-P1	AF018
AF018-P2	AF018
AF018-P3	AF018
AF018-P4	AF018
AF019-PA	AF019
AF019-PB	AF019
AF019-PC	AF019
AF019-PD	AF019
AF019-P1	AF019
AF019-P2	AF019
AF019-P3	AF019
AF019-P4	AF019
AF020-PA	AF020
AF020-PB	AF020
AF020-PC	AF020
AF020-PD	AF020
AF020-P1	AF020
AF020-P2	AF020
AF020-P3	AF020
AF020-P4	AF020
AF021-PA	AF021
AF021-PB	AF021
AF021-PC	AF021
AF021-PD	AF021
AF021-P1	AF021
AF021-P2	AF021
AF021-P3	AF021
AF021-P4	AF021
AF022-PA	AF022
AF022-PB	AF022
AF022-PC	AF022
AF022-PD	AF022
AF022-P1	AF022
AF022-P2	AF022
AF022-P3	AF022
AF022-P4	AF022
AF023-PA	AF023
AF023-PB	AF023
AF023-PC	AF023
AF023-PD	AF023
AF023-P1	AF023
AF023-P2	AF023
AF023-P3	AF023
AF023-P4	AF023
AF024-PA	AF024
AF024-PB	AF024
AF024-PC	AF024
AF024-PD	AF024
AF024-P1	AF024
AF024-P2	AF024
AF024-P3	AF024
AF024-P4	AF024
AF025-PA	AF025
AF025-PB	AF025
AF025-PC	AF025
AF025-PD	AF025
AF025-P1	AF025
AF025-P2	AF025
AF025-P3	AF025
AF025-P4	AF025
AF026-PA	AF026
AF026-PB	AF026
AF026-PC	AF026
AF026-PD	AF026
AF026-P1	AF026
AF026-P2	AF026
AF026-P3	AF026
AF026-P4	AF026
AF027-PA	AF027
AF027-PB	AF027
AF027-PC	AF027
AF027-PD	AF027
AF027-P1	AF027
AF027-P2	AF027
AF027-P3	AF027
AF027-P4	AF027
AF028-PA	AF028
AF028-PB	AF028
AF028-PC	AF028
AF028-PD	AF028
AF028-P1	AF028
AF028-P2	AF028
AF028-P3	AF028
AF028-P4	AF028
AF029-PA	AF029
AF029-PB	AF029
AF029-PC	AF029
AF029-PD	AF029
AF029-P1	AF029
AF029-P2	AF029
AF029-P3	AF029
AF029-P4	AF029
AF030-PA	AF030
AF030-PB	AF030
AF030-PC	AF030
AF030-PD	AF030
AF030-P1	AF030
AF030-P2	AF030
AF030-P3	AF030
AF030-P4	AF030
AF031-PA	AF031
AF031-PB	AF031
AF031-PC	AF031
AF031-PD	AF031
AF031-P1	AF031
AF031-P2	AF031
AF031-P3	AF031
AF031-P4	AF031
AF032-PA	AF032
AF032-PB	AF032
AF032-PC	AF032
AF032-PD	AF032
AF032-P1	AF032
AF032-P2	AF032
AF032-P3	AF032
AF032-P4	AF032
AF033-PA	AF033
AF033-PB	AF033
AF033-PC	AF033
AF033-PD	AF033
AF033-P1	AF033
AF033-P2	AF033
AF033-P3	AF033
AF033-P4	AF033
AF034-PA	AF034
AF034-PB	AF034
AF034-PC	AF034
AF034-PD	AF034
AF034-P1	AF034
AF034-P2	AF034
AF034-P3	AF034
AF034-P4	AF034
AF035-PA	AF035
AF035-PB	AF035
AF035-PC	AF035
AF035-PD	AF035
AF035-P1	AF035
AF035-P2	AF035
AF035-P3	AF035
AF035-P4	AF035
AF036-PA	AF036
AF036-PB	AF036
AF036-PC	AF036
AF036-PD	AF036
AF036-P1	AF036
AF036-P2	AF036
AF036-P3	AF036
AF036-P4	AF036
AF037-PA	AF037
AF037-PB	AF037
AF037-PC	AF037
AF037-PD	AF037
AF037-P1	AF037
AF037-P2	AF037
AF037-P3	AF037
AF037-P4	AF037
AF038-PA	AF038
AF038-PB	AF038
AF038-PC	AF038
AF038-PD	AF038
AF038-P1	AF038
AF038-P2	AF038
AF038-P3	AF038
AF038-P4	AF038
AF039-PA	AF039
AF039-PB	AF039
AF039-PC	AF039
AF039-PD	AF039
AF039-P1	AF039
AF039-P2	AF039
AF039-P3	AF039
AF039-P4	AF039
AF040-PA	AF040
AF040-PB	AF040
AF040-PC	AF040
AF040-PD	AF040
AF040-P1	AF040
AF040-P2	AF040
AF040-P3	AF040
AF040-P4	AF040
AF041-PA	AF041
AF041-PB	AF041
AF041-PC	AF041
AF041-PD	AF041
AF041-P1	AF041
AF041-P2	AF041
AF041-P3	AF041
AF041-P4	AF041
AF042-PA	AF042
AF042-PB	AF042
AF042-PC	AF042
AF042-PD	AF042
AF042-P1	AF042
AF042-P2	AF042
AF042-P3	AF042
AF042-P4	AF042
AF043-PA	AF043
AF043-PB	AF043
AF043-PC	AF043
AF043-PD	AF043
AF043-P1	AF043
AF043-P2	AF043
AF043-P3	AF043
AF043-P4	AF043
AF044-PA	AF044
AF044-PB	AF044
AF044-PC	AF044
AF044-PD	AF044
AF044-P1	AF044
AF044-P2	AF044
AF044-P3	AF044
AF044-P4	AF044
AF045-PA	AF045
AF045-PB	AF045
AF045-PC	AF045
AF045-PD	AF045
AF045-P1	AF045
AF045-P2	AF045
AF045-P3	AF045
AF045-P4	AF045
AF046-PA	AF046
AF046-PB	AF046
AF046-PC	AF046
AF046-PD	AF046
AF046-P1	AF046
AF046-P2	AF046
AF046-P3	AF046
AF046-P4	AF046
AF047-PA	AF047
AF047-PB	AF047
AF047-PC	AF047
AF047-PD	AF047
AF047-P1	AF047
AF047-P2	AF047
AF047-P3	AF047
AF047-P4	AF047
AF048-PA	AF048
AF048-PB	AF048
AF048-PC	AF048
AF048-PD	AF048
AF048-P1	AF048
AF048-P2	AF048
AF048-P3	AF048
AF048-P4	AF048
AF100-PA	AF100
AF100-PB	AF100
AF100-PC	AF100
AF100-PD	AF100
AF100-P1	AF100
AF100-P2	AF100
AF100-P3	AF100
AF100-P4	AF100
AF101-PA	AF101
AF101-PB	AF101
AF101-PC	AF101
AF101-PD	AF101
AF101-P1	AF101
AF101-P2	AF101
AF101-P3	AF101
AF101-P4	AF101
AF102-PA	AF102
AF102-PB	AF102
AF102-PC	AF102
AF102-PD	AF102
AF102-P1	AF102
AF102-P2	AF102
AF102-P3	AF102
AF102-P4	AF102
AF103-PA	AF103
AF103-PB	AF103
AF103-PC	AF103
AF103-PD	AF103
AF103-P1	AF103
AF103-P2	AF103
AF103-P3	AF103
AF103-P4	AF103
AF104-PA	AF104
AF104-PB	AF104
AF104-PC	AF104
AF104-PD	AF104
AF104-P1	AF104
AF104-P2	AF104
AF104-P3	AF104
AF104-P4	AF104
AF105-PA	AF105
AF105-PB	AF105
AF105-PC	AF105
AF105-PD	AF105
AF105-P1	AF105
AF105-P2	AF105
AF105-P3	AF105
AF105-P4	AF105
AF106-PA	AF106
AF106-PB	AF106
AF106-PC	AF106
AF106-PD	AF106
AF106-P1	AF106
AF106-P2	AF106
AF106-P3	AF106
AF106-P4	AF106
AF107-PA	AF107
AF107-PB	AF107
AF107-PC	AF107
AF107-PD	AF107
AF107-P1	AF107
AF107-P2	AF107
AF107-P3	AF107
AF107-P4	AF107
AF108-PA	AF108
AF108-PB	AF108
AF108-PC	AF108
AF108-PD	AF108
AF108-P1	AF108
AF108-P2	AF108
AF108-P3	AF108
AF108-P4	AF108
AF109-PA	AF109
AF109-PB	AF109
AF109-PC	AF109
AF109-PD	AF109
AF109-P1	AF109
AF109-P2	AF109
AF109-P3	AF109
AF109-P4	AF109
AF110-PA	AF110
AF110-PB	AF110
AF110-PC	AF110
AF110-PD	AF110
AF110-P1	AF110
AF110-P2	AF110
AF110-P3	AF110
AF110-P4	AF110
AF111-PA	AF111
AF111-PB	AF111
AF111-PC	AF111
AF111-PD	AF111
AF111-P1	AF111
AF111-P2	AF111
AF111-P3	AF111
AF111-P4	AF111
AF112-PA	AF112
AF112-PB	AF112
AF112-PC	AF112
AF112-PD	AF112
AF112-P1	AF112
AF112-P2	AF112
AF112-P3	AF112
AF112-P4	AF112
AF113-PA	AF113
AF113-PB	AF113
AF113-PC	AF113
AF113-PD	AF113
AF113-P1	AF113
AF113-P2	AF113
AF113-P3	AF113
AF113-P4	AF113
AF114-PA	AF114
AF114-PB	AF114
AF114-PC	AF114
AF114-PD	AF114
AF114-P1	AF114
AF114-P2	AF114
AF114-P3	AF114
AF114-P4	AF114
AF115-PA	AF115
AF115-PB	AF115
AF115-PC	AF115
AF115-PD	AF115
AF115-P1	AF115
AF115-P2	AF115
AF115-P3	AF115
AF115-P4	AF115
AF116-PA	AF116
AF116-PB	AF116
AF116-PC	AF116
AF116-PD	AF116
AF116-P1	AF116
AF116-P2	AF116
AF116-P3	AF116
AF116-P4	AF116
AF117-PA	AF117
AF117-PB	AF117
AF117-PC	AF117
AF117-PD	AF117
AF117-P1	AF117
AF117-P2	AF117
AF117-P3	AF117
AF117-P4	AF117
AF118-PA	AF118
AF118-PB	AF118
AF118-PC	AF118
AF118-PD	AF118
AF118-P1	AF118
AF118-P2	AF118
AF118-P3	AF118
AF118-P4	AF118
AF119-PA	AF119
AF119-PB	AF119
AF119-PC	AF119
AF119-PD	AF119
AF119-P1	AF119
AF119-P2	AF119
AF119-P3	AF119
AF119-P4	AF119
AF120-PA	AF120
AF120-PB	AF120
AF120-PC	AF120
AF120-PD	AF120
AF120-P1	AF120
AF120-P2	AF120
AF120-P3	AF120
AF120-P4	AF120
AF121-PA	AF121
AF121-PB	AF121
AF121-PC	AF121
AF121-PD	AF121
AF121-P1	AF121
AF121-P2	AF121
AF121-P3	AF121
AF121-P4	AF121
AF122-PA	AF122
AF122-PB	AF122
AF122-PC	AF122
AF122-PD	AF122
AF122-P1	AF122
AF122-P2	AF122
AF122-P3	AF122
AF122-P4	AF122
AF123-PA	AF123
AF123-PB	AF123
AF123-PC	AF123
AF123-PD	AF123
AF123-P1	AF123
AF123-P2	AF123
AF123-P3	AF123
AF123-P4	AF123
AF124-PA	AF124
AF124-PB	AF124
AF124-PC	AF124
AF124-PD	AF124
AF124-P1	AF124
AF124-P2	AF124
AF124-P3	AF124
AF124-P4	AF124
AF125-PA	AF125
AF125-PB	AF125
AF125-PC	AF125
AF125-PD	AF125
AF125-P1	AF125
AF125-P2	AF125
AF125-P3	AF125
AF125-P4	AF125
AF126-PA	AF126
AF126-PB	AF126
AF126-PC	AF126
AF126-PD	AF126
AF126-P1	AF126
AF126-P2	AF126
AF126-P3	AF126
AF126-P4	AF126
AF127-PA	AF127
AF127-PB	AF127
AF127-PC	AF127
AF127-PD	AF127
AF127-P1	AF127
AF127-P2	AF127
AF127-P3	AF127
AF127-P4	AF127
AF128-PA	AF128
AF128-PB	AF128
AF128-PC	AF128
AF128-PD	AF128
AF128-P1	AF128
AF128-P2	AF128
AF128-P3	AF128
AF128-P4	AF128
AF129-PA	AF129
AF129-PB	AF129
AF129-PC	AF129
AF129-PD	AF129
AF129-P1	AF129
AF129-P2	AF129
AF129-P3	AF129
AF129-P4	AF129
AF130-PA	AF130
AF130-PB	AF130
AF130-PC	AF130
AF130-PD	AF130
AF130-P1	AF130
AF130-P2	AF130
AF130-P3	AF130
AF130-P4	AF130
AF131-PA	AF131
AF131-PB	AF131
AF131-PC	AF131
AF131-PD	AF131
AF131-P1	AF131
AF131-P2	AF131
AF131-P3	AF131
AF131-P4	AF131
AF132-PA	AF132
AF132-PB	AF132
AF132-PC	AF132
AF132-PD	AF132
AF132-P1	AF132
AF132-P2	AF132
AF132-P3	AF132
AF132-P4	AF132
AF133-PA	AF133
AF133-PB	AF133
AF133-PC	AF133
AF133-PD	AF133
AF133-P1	AF133
AF133-P2	AF133
AF133-P3	AF133
AF133-P4	AF133
AF134-PA	AF134
AF134-PB	AF134
AF134-PC	AF134
AF134-PD	AF134
AF134-P1	AF134
AF134-P2	AF134
AF134-P3	AF134
AF134-P4	AF134
AF135-PA	AF135
AF135-PB	AF135
AF135-PC	AF135
AF135-PD	AF135
AF135-P1	AF135
AF135-P2	AF135
AF135-P3	AF135
AF135-P4	AF135
AF136-PA	AF136
AF136-PB	AF136
AF136-PC	AF136
AF136-PD	AF136
AF136-P1	AF136
AF136-P2	AF136
AF136-P3	AF136
AF136-P4	AF136
AF137-PA	AF137
AF137-PB	AF137
AF137-PC	AF137
AF137-PD	AF137
AF137-P1	AF137
AF137-P2	AF137
AF137-P3	AF137
AF137-P4	AF137
AF138-PA	AF138
AF138-PB	AF138
AF138-PC	AF138
AF138-PD	AF138
AF138-P1	AF138
AF138-P2	AF138
AF138-P3	AF138
AF138-P4	AF138
AF139-PA	AF139
AF139-PB	AF139
AF139-PC	AF139
AF139-PD	AF139
AF139-P1	AF139
AF139-P2	AF139
AF139-P3	AF139
AF139-P4	AF139
AF140-PA	AF140
AF140-PB	AF140
AF140-PC	AF140
AF140-PD	AF140
AF140-P1	AF140
AF140-P2	AF140
AF140-P3	AF140
AF140-P4	AF140
AF141-PA	AF141
AF141-PB	AF141
AF141-PC	AF141
AF141-PD	AF141
AF141-P1	AF141
AF141-P2	AF141
AF141-P3	AF141
AF141-P4	AF141
AF142-PA	AF142
AF142-PB	AF142
AF142-PC	AF142
AF142-PD	AF142
AF142-P1	AF142
AF142-P2	AF142
AF142-P3	AF142
AF142-P4	AF142
AF143-PA	AF143
AF143-PB	AF143
AF143-PC	AF143
AF143-PD	AF143
AF143-P1	AF143
AF143-P2	AF143
AF143-P3	AF143
AF143-P4	AF143
AF144-PA	AF144
AF144-PB	AF144
AF144-PC	AF144
AF144-PD	AF144
AF144-P1	AF144
AF144-P2	AF144
AF144-P3	AF144
AF144-P4	AF144
AF145-PA	AF145
AF145-PB	AF145
AF145-PC	AF145
AF145-PD	AF145
AF145-P1	AF145
AF145-P2	AF145
AF145-P3	AF145
AF145-P4	AF145
AF146-PA	AF146
AF146-PB	AF146
AF146-PC	AF146
AF146-PD	AF146
AF146-P1	AF146
AF146-P2	AF146
AF146-P3	AF146
AF146-P4	AF146
AF147-PA	AF147
AF147-PB	AF147
AF147-PC	AF147
AF147-PD	AF147
AF147-P1	AF147
AF147-P2	AF147
AF147-P3	AF147
AF147-P4	AF147
AF148-PA	AF148
AF148-PB	AF148
AF148-PC	AF148
AF148-PD	AF148
AF148-P1	AF148
AF148-P2	AF148
AF148-P3	AF148
AF148-P4	AF148
AF149-PA	AF149
AF149-PB	AF149
AF149-PC	AF149
AF149-PD	AF149
AF149-P1	AF149
AF149-P2	AF149
AF149-P3	AF149
AF149-P4	AF149
AF150-PA	AF150
AF150-PB	AF150
AF150-PC	AF150
AF150-PD	AF150
AF150-P1	AF150
AF150-P2	AF150
AF150-P3	AF150
AF150-P4	AF150
AF151-PA	AF151
AF151-PB	AF151
AF151-PC	AF151
AF151-PD	AF151
AF151-P1	AF151
AF151-P2	AF151
AF151-P3	AF151
AF151-P4	AF151
AF049-PA	AF049
AF049-PB	AF049
AF049-PC	AF049
AF049-PD	AF049
AF049-P1	AF049
AF049-P2	AF049
AF049-P3	AF049
AF049-P4	AF049
AF050-PA	AF050
AF050-PB	AF050
AF050-PC	AF050
AF050-PD	AF050
AF050-P1	AF050
AF050-P2	AF050
AF050-P3	AF050
AF050-P4	AF050
AF051-PA	AF051
AF051-PB	AF051
AF051-PC	AF051
AF051-PD	AF051
AF051-P1	AF051
AF051-P2	AF051
AF051-P3	AF051
AF051-P4	AF051
AF052-PA	AF052
AF052-PB	AF052
AF052-PC	AF052
AF052-PD	AF052
AF052-P1	AF052
AF052-P2	AF052
AF052-P3	AF052
AF052-P4	AF052
AF053-PA	AF053
AF053-PB	AF053
AF053-PC	AF053
AF053-PD	AF053
AF053-P1	AF053
AF053-P2	AF053
AF053-P3	AF053
AF053-P4	AF053
AF054-PA	AF054
AF054-PB	AF054
AF054-PC	AF054
AF054-PD	AF054
AF054-P1	AF054
AF054-P2	AF054
AF054-P3	AF054
AF054-P4	AF054
AF055-PA	AF055
AF055-PB	AF055
AF055-PC	AF055
AF055-PD	AF055
AF055-P1	AF055
AF055-P2	AF055
AF055-P3	AF055
AF055-P4	AF055
AF056-PA	AF056
AF056-PB	AF056
AF056-PC	AF056
AF056-PD	AF056
AF056-P1	AF056
AF056-P2	AF056
AF056-P3	AF056
AF056-P4	AF056
AF057-PA	AF057
AF057-PB	AF057
AF057-PC	AF057
AF057-PD	AF057
AF057-P1	AF057
AF057-P2	AF057
AF057-P3	AF057
AF057-P4	AF057
AF058-PA	AF058
AF058-PB	AF058
AF058-PC	AF058
AF058-PD	AF058
AF058-P1	AF058
AF058-P2	AF058
AF058-P3	AF058
AF058-P4	AF058
AF059-PA	AF059
AF059-PB	AF059
AF059-PC	AF059
AF059-PD	AF059
AF059-P1	AF059
AF059-P2	AF059
AF059-P3	AF059
AF059-P4	AF059
AF060-PA	AF060
AF060-PB	AF060
AF060-PC	AF060
AF060-PD	AF060
AF060-P1	AF060
AF060-P2	AF060
AF060-P3	AF060
AF060-P4	AF060
AF061-PA	AF061
AF061-PB	AF061
AF061-PC	AF061
AF061-PD	AF061
AF061-P1	AF061
AF061-P2	AF061
AF061-P3	AF061
AF061-P4	AF061
AF062-PA	AF062
AF062-PB	AF062
AF062-PC	AF062
AF062-PD	AF062
AF062-P1	AF062
AF062-P2	AF062
AF062-P3	AF062
AF062-P4	AF062
AF063-PA	AF063
AF063-PB	AF063
AF063-PC	AF063
AF063-PD	AF063
AF063-P1	AF063
AF063-P2	AF063
AF063-P3	AF063
AF063-P4	AF063
AF064-PA	AF064
AF064-PB	AF064
AF064-PC	AF064
AF064-PD	AF064
AF064-P1	AF064
AF064-P2	AF064
AF064-P3	AF064
AF064-P4	AF064
AF065-PA	AF065
AF065-PB	AF065
AF065-PC	AF065
AF065-PD	AF065
AF065-P1	AF065
AF065-P2	AF065
AF065-P3	AF065
AF065-P4	AF065
AF066-PA	AF066
AF066-PB	AF066
AF066-PC	AF066
AF066-PD	AF066
AF066-P1	AF066
AF066-P2	AF066
AF066-P3	AF066
AF066-P4	AF066
AF067-PA	AF067
AF067-PB	AF067
AF067-PC	AF067
AF067-PD	AF067
AF067-P1	AF067
AF067-P2	AF067
AF067-P3	AF067
AF067-P4	AF067
AF068-PA	AF068
AF068-PB	AF068
AF068-PC	AF068
AF068-PD	AF068
AF068-P1	AF068
AF068-P2	AF068
AF068-P3	AF068
AF068-P4	AF068
AF069-PA	AF069
AF069-PB	AF069
AF069-PC	AF069
AF069-PD	AF069
AF069-P1	AF069
AF069-P2	AF069
AF069-P3	AF069
AF069-P4	AF069
AF070-PA	AF070
AF070-PB	AF070
AF070-PC	AF070
AF070-PD	AF070
AF070-P1	AF070
AF070-P2	AF070
AF070-P3	AF070
AF070-P4	AF070
AF071-PA	AF071
AF071-PB	AF071
AF071-PC	AF071
AF071-PD	AF071
AF071-P1	AF071
AF071-P2	AF071
AF071-P3	AF071
AF071-P4	AF071
AF072-PA	AF072
AF072-PB	AF072
AF072-PC	AF072
AF072-PD	AF072
AF072-P1	AF072
AF072-P2	AF072
AF072-P3	AF072
AF072-P4	AF072
AF073-PA	AF073
AF073-PB	AF073
AF073-PC	AF073
AF073-PD	AF073
AF073-P1	AF073
AF073-P2	AF073
AF073-P3	AF073
AF073-P4	AF073
AF074-PA	AF074
AF074-PB	AF074
AF074-PC	AF074
AF074-PD	AF074
AF074-P1	AF074
AF074-P2	AF074
AF074-P3	AF074
AF074-P4	AF074
AF075-PA	AF075
AF075-PB	AF075
AF075-PC	AF075
AF075-PD	AF075
AF075-P1	AF075
AF075-P2	AF075
AF075-P3	AF075
AF075-P4	AF075
AF076-PA	AF076
AF076-PB	AF076
AF076-PC	AF076
AF076-PD	AF076
AF076-P1	AF076
AF076-P2	AF076
AF076-P3	AF076
AF076-P4	AF076
AF077-PA	AF077
AF077-PB	AF077
AF077-PC	AF077
AF077-PD	AF077
AF077-P1	AF077
AF077-P2	AF077
AF077-P3	AF077
AF077-P4	AF077
AF078-PA	AF078
AF078-PB	AF078
AF078-PC	AF078
AF078-PD	AF078
AF078-P1	AF078
AF078-P2	AF078
AF078-P3	AF078
AF078-P4	AF078
AF080-PA	AF080
AF080-PB	AF080
AF080-PC	AF080
AF080-PD	AF080
AF080-P1	AF080
AF080-P2	AF080
AF080-P3	AF080
AF080-P4	AF080
AF081-PA	AF081
AF081-PB	AF081
AF081-PC	AF081
AF081-PD	AF081
AF081-P1	AF081
AF081-P2	AF081
AF081-P3	AF081
AF081-P4	AF081
AF082-PA	AF082
AF082-PB	AF082
AF082-PC	AF082
AF082-PD	AF082
AF082-P1	AF082
AF082-P2	AF082
AF082-P3	AF082
AF082-P4	AF082
AF083-PA	AF083
AF083-PB	AF083
AF083-PC	AF083
AF083-PD	AF083
AF083-P1	AF083
AF083-P2	AF083
AF083-P3	AF083
AF083-P4	AF083
AF084-PA	AF084
AF084-PB	AF084
AF084-PC	AF084
AF084-PD	AF084
AF084-P1	AF084
AF084-P2	AF084
AF084-P3	AF084
AF084-P4	AF084
AF085-PA	AF085
AF085-PB	AF085
AF085-PC	AF085
AF085-PD	AF085
AF085-P1	AF085
AF085-P2	AF085
AF085-P3	AF085
AF085-P4	AF085
AF086-PA	AF086
AF086-PB	AF086
AF086-PC	AF086
AF086-PD	AF086
AF086-P1	AF086
AF086-P2	AF086
AF086-P3	AF086
AF086-P4	AF086
AF087-PA	AF087
AF087-PB	AF087
AF087-PC	AF087
AF087-PD	AF087
AF087-P1	AF087
AF087-P2	AF087
AF087-P3	AF087
AF087-P4	AF087
AF088-PA	AF088
AF088-PB	AF088
AF088-PC	AF088
AF088-PD	AF088
AF088-P1	AF088
AF088-P2	AF088
AF088-P3	AF088
AF088-P4	AF088
AF089-PA	AF089
AF089-PB	AF089
AF089-PC	AF089
AF089-PD	AF089
AF089-P1	AF089
AF089-P2	AF089
AF089-P3	AF089
AF089-P4	AF089
AF090-PA	AF090
AF090-PB	AF090
AF090-PC	AF090
AF090-PD	AF090
AF090-P1	AF090
AF090-P2	AF090
AF090-P3	AF090
AF090-P4	AF090
AF091-PA	AF091
AF091-PB	AF091
AF091-PC	AF091
AF091-PD	AF091
AF091-P1	AF091
AF091-P2	AF091
AF091-P3	AF091
AF091-P4	AF091
AF092-PA	AF092
AF092-PB	AF092
AF092-PC	AF092
AF092-PD	AF092
AF092-P1	AF092
AF092-P2	AF092
AF092-P3	AF092
AF092-P4	AF092
AF093-PA	AF093
AF093-PB	AF093
AF093-PC	AF093
AF093-PD	AF093
AF093-P1	AF093
AF093-P2	AF093
AF093-P3	AF093
AF093-P4	AF093
AF094-PA	AF094
AF094-PB	AF094
AF094-PC	AF094
AF094-PD	AF094
AF094-P1	AF094
AF094-P2	AF094
AF094-P3	AF094
AF094-P4	AF094
AF095-PA	AF095
AF095-PB	AF095
AF095-PC	AF095
AF095-PD	AF095
AF095-P1	AF095
AF095-P2	AF095
AF095-P3	AF095
AF095-P4	AF095
AF096-PA	AF096
AF096-PB	AF096
AF096-PC	AF096
AF096-PD	AF096
AF096-P1	AF096
AF096-P2	AF096
AF096-P3	AF096
AF096-P4	AF096
AF097-PA	AF097
AF097-PB	AF097
AF097-PC	AF097
AF097-PD	AF097
AF097-P1	AF097
AF097-P2	AF097
AF097-P3	AF097
AF097-P4	AF097
AF098-PA	AF098
AF098-PB	AF098
AF098-PC	AF098
AF098-PD	AF098
AF098-P1	AF098
AF098-P2	AF098
AF098-P3	AF098
AF098-P4	AF098
AF099-PA	AF099
AF099-PB	AF099
AF099-PC	AF099
AF099-PD	AF099
AF099-P1	AF099
AF099-P2	AF099
AF099-P3	AF099
AF099-P4	AF099
AF152-PA	AF152
AF152-PB	AF152
AF152-PC	AF152
AF152-PD	AF152
AF152-P1	AF152
AF152-P2	AF152
AF152-P3	AF152
AF152-P4	AF152
AF153-PA	AF153
AF153-PB	AF153
AF153-PC	AF153
AF153-PD	AF153
AF153-P1	AF153
AF153-P2	AF153
AF153-P3	AF153
AF153-P4	AF153
AF154-PA	AF154
AF154-PB	AF154
AF154-PC	AF154
AF154-PD	AF154
AF154-P1	AF154
AF154-P2	AF154
AF154-P3	AF154
AF154-P4	AF154
AF155-PA	AF155
AF155-PB	AF155
AF155-PC	AF155
AF155-PD	AF155
AF155-P1	AF155
AF155-P2	AF155
AF155-P3	AF155
AF155-P4	AF155
AF156-PA	AF156
AF156-PB	AF156
AF156-PC	AF156
AF156-PD	AF156
AF156-P1	AF156
AF156-P2	AF156
AF156-P3	AF156
AF156-P4	AF156
AF157-PA	AF157
AF157-PB	AF157
AF157-PC	AF157
AF157-PD	AF157
AF157-P1	AF157
AF157-P2	AF157
AF157-P3	AF157
AF157-P4	AF157
AF158-PA	AF158
AF158-PB	AF158
AF158-PC	AF158
AF158-PD	AF158
AF158-P1	AF158
AF158-P2	AF158
AF158-P3	AF158
AF158-P4	AF158
AF159-PA	AF159
AF159-PB	AF159
AF159-PC	AF159
AF159-PD	AF159
AF159-P1	AF159
AF159-P2	AF159
AF159-P3	AF159
AF159-P4	AF159
AF160-PA	AF160
AF160-PB	AF160
AF160-PC	AF160
AF160-PD	AF160
AF160-P1	AF160
AF160-P2	AF160
AF160-P3	AF160
AF160-P4	AF160
AF161-PA	AF161
AF161-PB	AF161
AF161-PC	AF161
AF161-PD	AF161
AF161-P1	AF161
AF161-P2	AF161
AF161-P3	AF161
AF161-P4	AF161
AF162-PA	AF162
AF162-PB	AF162
AF162-PC	AF162
AF162-PD	AF162
AF162-P1	AF162
AF162-P2	AF162
AF162-P3	AF162
AF162-P4	AF162
AF163-PA	AF163
AF163-PB	AF163
AF163-PC	AF163
AF163-PD	AF163
AF163-P1	AF163
AF163-P2	AF163
AF163-P3	AF163
AF163-P4	AF163
AF164-PA	AF164
AF164-PB	AF164
AF164-PC	AF164
AF164-PD	AF164
AF164-P1	AF164
AF164-P2	AF164
AF164-P3	AF164
AF164-P4	AF164
AF165-PA	AF165
AF165-PB	AF165
AF165-PC	AF165
AF165-PD	AF165
AF165-P1	AF165
AF165-P2	AF165
AF165-P3	AF165
AF165-P4	AF165
AF166-PA	AF166
AF166-PB	AF166
AF166-PC	AF166
AF166-PD	AF166
AF166-P1	AF166
AF166-P2	AF166
AF166-P3	AF166
AF166-P4	AF166
AF167-PA	AF167
AF167-PB	AF167
AF167-PC	AF167
AF167-PD	AF167
AF167-P1	AF167
AF167-P2	AF167
AF167-P3	AF167
AF167-P4	AF167
AF168-PA	AF168
AF168-PB	AF168
AF168-PC	AF168
AF168-PD	AF168
AF168-P1	AF168
AF168-P2	AF168
AF168-P3	AF168
AF168-P4	AF168
AF169-PA	AF169
AF169-PB	AF169
AF169-PC	AF169
AF169-PD	AF169
AF169-P1	AF169
AF169-P2	AF169
AF169-P3	AF169
AF169-P4	AF169
AF170-PA	AF170
AF170-PB	AF170
AF170-PC	AF170
AF170-PD	AF170
AF170-P1	AF170
AF170-P2	AF170
AF170-P3	AF170
AF170-P4	AF170
AF171-PA	AF171
AF171-PB	AF171
AF171-PC	AF171
AF171-PD	AF171
AF171-P1	AF171
AF171-P2	AF171
AF171-P3	AF171
AF171-P4	AF171
AF172-PA	AF172
AF172-PB	AF172
AF172-PC	AF172
AF172-PD	AF172
AF172-P1	AF172
AF172-P2	AF172
AF172-P3	AF172
AF172-P4	AF172
AF173-PA	AF173
AF173-PB	AF173
AF173-PC	AF173
AF173-PD	AF173
AF173-P1	AF173
AF173-P2	AF173
AF173-P3	AF173
AF173-P4	AF173
AF174-PA	AF174
AF174-PB	AF174
AF174-PC	AF174
AF174-PD	AF174
AF174-P1	AF174
AF174-P2	AF174
AF174-P3	AF174
AF174-P4	AF174
AF175-PA	AF175
AF175-PB	AF175
AF175-PC	AF175
AF175-PD	AF175
AF175-P1	AF175
AF175-P2	AF175
AF175-P3	AF175
AF175-P4	AF175
AF176-PA	AF176
AF176-PB	AF176
AF176-PC	AF176
AF176-PD	AF176
AF176-P1	AF176
AF176-P2	AF176
AF176-P3	AF176
AF176-P4	AF176
AF177-PA	AF177
AF177-PB	AF177
AF177-PC	AF177
AF177-PD	AF177
AF177-P1	AF177
AF177-P2	AF177
AF177-P3	AF177
AF177-P4	AF177
AF178-PA	AF178
AF178-PB	AF178
AF178-PC	AF178
AF178-PD	AF178
AF178-P1	AF178
AF178-P2	AF178
AF178-P3	AF178
AF178-P4	AF178
AF179-PA	AF179
AF179-PB	AF179
AF179-PC	AF179
AF179-PD	AF179
AF179-P1	AF179
AF179-P2	AF179
AF179-P3	AF179
AF179-P4	AF179
AF180-PA	AF180
AF180-PB	AF180
AF180-PC	AF180
AF180-PD	AF180
AF180-P1	AF180
AF180-P2	AF180
AF180-P3	AF180
AF180-P4	AF180
AF181-PA	AF181
AF181-PB	AF181
AF181-PC	AF181
AF181-PD	AF181
AF181-P1	AF181
AF181-P2	AF181
AF181-P3	AF181
AF181-P4	AF181
AF182-PA	AF182
AF182-PB	AF182
AF182-PC	AF182
AF182-PD	AF182
AF182-P1	AF182
AF182-P2	AF182
AF182-P3	AF182
AF182-P4	AF182
AF183-PA	AF183
AF183-PB	AF183
AF183-PC	AF183
AF183-PD	AF183
AF183-P1	AF183
AF183-P2	AF183
AF183-P3	AF183
AF183-P4	AF183
AF184-PA	AF184
AF184-PB	AF184
AF184-PC	AF184
AF184-PD	AF184
AF184-P1	AF184
AF184-P2	AF184
AF184-P3	AF184
AF184-P4	AF184
AF185-PA	AF185
AF185-PB	AF185
AF185-PC	AF185
AF185-PD	AF185
AF185-P1	AF185
AF185-P2	AF185
AF185-P3	AF185
AF185-P4	AF185
AF186-PA	AF186
AF186-PB	AF186
AF186-PC	AF186
AF186-PD	AF186
AF186-P1	AF186
AF186-P2	AF186
AF186-P3	AF186
AF186-P4	AF186
AF187-PA	AF187
AF187-PB	AF187
AF187-PC	AF187
AF187-PD	AF187
AF187-P1	AF187
AF187-P2	AF187
AF187-P3	AF187
AF187-P4	AF187
AF188-PA	AF188
AF188-PB	AF188
AF188-PC	AF188
AF188-PD	AF188
AF188-P1	AF188
AF188-P2	AF188
AF188-P3	AF188
AF188-P4	AF188
AF189-PA	AF189
AF189-PB	AF189
AF189-PC	AF189
AF189-PD	AF189
AF189-P1	AF189
AF189-P2	AF189
AF189-P3	AF189
AF189-P4	AF189
AF190-PA	AF190
AF190-PB	AF190
AF190-PC	AF190
AF190-PD	AF190
AF190-P1	AF190
AF190-P2	AF190
AF190-P3	AF190
AF190-P4	AF190
AF191-PA	AF191
AF191-PB	AF191
AF191-PC	AF191
AF191-PD	AF191
AF191-P1	AF191
AF191-P2	AF191
AF191-P3	AF191
AF191-P4	AF191
AF192-PA	AF192
AF192-PB	AF192
AF192-PC	AF192
AF192-PD	AF192
AF192-P1	AF192
AF192-P2	AF192
AF192-P3	AF192
AF192-P4	AF192
AF193-PA	AF193
AF193-PB	AF193
AF193-PC	AF193
AF193-PD	AF193
AF193-P1	AF193
AF193-P2	AF193
AF193-P3	AF193
AF193-P4	AF193
AF194-PA	AF194
AF194-PB	AF194
AF194-PC	AF194
AF194-PD	AF194
AF194-P1	AF194
AF194-P2	AF194
AF194-P3	AF194
AF194-P4	AF194
AF195-PA	AF195
AF195-PB	AF195
AF195-PC	AF195
AF195-PD	AF195
AF195-P1	AF195
AF195-P2	AF195
AF195-P3	AF195
AF195-P4	AF195
AF196-PA	AF196
AF196-PB	AF196
AF196-PC	AF196
AF196-PD	AF196
AF196-P1	AF196
AF196-P2	AF196
AF196-P3	AF196
AF196-P4	AF196
AF197-PA	AF197
AF197-PB	AF197
AF197-PC	AF197
AF197-PD	AF197
AF197-P1	AF197
AF197-P2	AF197
AF197-P3	AF197
AF197-P4	AF197
AF198-PA	AF198
AF198-PB	AF198
AF198-PC	AF198
AF198-PD	AF198
AF198-P1	AF198
AF198-P2	AF198
AF198-P3	AF198
AF198-P4	AF198
AF199-PA	AF199
AF199-PB	AF199
AF199-PC	AF199
AF199-PD	AF199
AF199-P1	AF199
AF199-P2	AF199
AF199-P3	AF199
AF199-P4	AF199
AF200-PA	AF200
AF200-PB	AF200
AF200-PC	AF200
AF200-PD	AF200
AF200-P1	AF200
AF200-P2	AF200
AF200-P3	AF200
AF200-P4	AF200
AF201-PA	AF201
AF201-PB	AF201
AF201-PC	AF201
AF201-PD	AF201
AF201-P1	AF201
AF201-P2	AF201
AF201-P3	AF201
AF201-P4	AF201
